ID;an;NO_SEQ_COLL;DT_ACCDN;heure_accdn;JR_SEMN_ACCDN;gravite;NB_DECES_PIETON;NB_BLESSES_PIETON;NB_VICTIMES_PIETON;NB_DECES_VELO;NB_BLESSES_VELO;NB_VICTIMES_VELO;CD_MUNCP;REG_ADM;MRC;NO_CIVIQ_ACCDN;SFX_NO_CIVIQ_ACCDN;RUE_ACCDN;VILLE;RUE_VILLE;TP_REPRR_ACCDN;ACCDN_PRES_DE;NO_ROUTE;CD_PNT_CDRNL_ROUTE;BORNE_KM_ACCDN;NB_METRE_DIST_ACCD;CD_PNT_CDRNL_REPRR;VITESSE_AUTOR;CD_GENRE_ACCDN;CD_SIT_PRTCE_ACCDN;CD_ETAT_SURFC;CD_ECLRM;CD_ENVRN_ACCDN;CD_CATEG_ROUTE;CD_ETAT_CHASS;CD_ASPCT_ROUTE;CD_LOCLN_ACCDN;CD_POSI_ACCDN;CD_CONFG_ROUTE;CD_COND_METEO;nb_bicyclette;nb_autres_types;nb_veh_non_precise;address;lat;lon
32956;2015;2015 _ 32957;42127;13:00:00-13:59:00;DI;Leger;0;0;0;0;1;1;23802;Capitale-Nationale(03);Quebec (23 );;;;;;;;;;;;;;31.0;;11.0;1.0;3.0;16.0;1.0;12.0;32.0;;2.0;11.0;1;0;0;;34.220389;70.3800314
40851;2015;2015 _ 40852;42011;15:00:00-15:59:00;ME;Leger;0;0;0;0;1;1;23027;Capitale-Nationale(03);Quebec (23 );;;Charest Ouest;,Quebec,QC,Canada;Charest Ouest,Quebec,QC,Canada;1.0;Saint-Vallier;;;;;;50.0;33.0;;16.0;1.0;3.0;13.0;1.0;11.0;32.0;6.0;5.0;17.0;1;0;0;1 Charest Ouest;0.0;0.0
41498;2015;2015 _ 41499;42038;20:00:00-20:59:00;MA;Leger;0;0;0;0;1;1;23027;Capitale-Nationale(03);Quebec (23 );;;Bourg-Royal;,Quebec,QC,Canada;Bourg-Royal,Quebec,QC,Canada;1.0;ALEXANDRA;;;;;;50.0;31.0;;12.0;3.0;3.0;13.0;1.0;13.0;32.0;6.0;3.0;11.0;1;0;0;1 Bourg-Royal;46.8836468;-71.2493462
42180;2015;2015 _ 42181;42068;17:00:00-17:59:00;JE;Grave;0;0;0;0;1;1;23027;Capitale-Nationale(03);Quebec (23 );2680.0;;BD DU PARC-TECHNOLOGIQUE;,Quebec,QC,Canada;BD DU PARC-TECHNOLOGIQUE,Quebec,QC,Canada;;;;;;;;50.0;33.0;;11.0;1.0;3.0;13.0;1.0;11.0;34.0;6.0;2.0;11.0;1;0;0;2680 BD DU PARC TECHNOLOGIQUE;46.7966526;-71.3131378
42716;2015;2015 _ 42717;42093;19:00:00-19:59:00;LU;Leger;0;0;0;0;1;1;23027;Capitale-Nationale(03);Quebec (23 );;;;,Quebec,QC,Canada;,Quebec,QC,Canada;2.0;1300 4E AV;;;;;N;50.0;33.0;;11.0;1.0;2.0;13.0;1.0;11.0;32.0;6.0;3.0;11.0;1;0;0;;34.220389;70.3800314
42779;2015;2015 _ 42780;42107;17:00:00-17:59:00;LU;Leger;0;0;0;0;1;1;23027;Capitale-Nationale(03);Quebec (23 );;;COLOMBIER;,Quebec,QC,Canada;COLOMBIER,Quebec,QC,Canada;1.0;SORBIER;;;;;;50.0;33.0;;11.0;1.0;2.0;14.0;1.0;11.0;32.0;6.0;2.0;11.0;1;0;0;1 COLOMBIER;45.7197279;5.0790516
42800;2015;2015 _ 42801;42108;17:00:00-17:59:00;MA;Leger;0;0;0;0;1;1;23027;Capitale-Nationale(03);Quebec (23 );2954.0;;HOCHELAGA;,Quebec,QC,Canada;HOCHELAGA,Quebec,QC,Canada;;RTE EGLISE;;;;100.0;O;50.0;33.0;;11.0;1.0;3.0;13.0;1.0;11.0;34.0;9.0;3.0;11.0;1;0;0;2954 HOCHELAGA;45.5421326;-73.5476296
42804;2015;2015 _ 42805;42108;20:00:00-20:59:00;MA;Leger;0;0;0;0;1;1;23027;Capitale-Nationale(03);Quebec (23 );;;4E AVENUE EST;,Quebec,QC,Canada;4E AVENUE EST,Quebec,QC,Canada;1.0;4E AV E ET 51E RUE E;;;;;;50.0;33.0;;11.0;2.0;2.0;14.0;1.0;11.0;;;2.0;11.0;1;0;0;;34.220389;70.3800314
42845;2015;2015 _ 42846;42110;18:00:00-18:59:00;JE;Grave;0;0;0;0;1;1;23027;Capitale-Nationale(03);Quebec (23 );1950.0;;Jeanne-Mance;,Quebec,QC,Canada;Jeanne-Mance,Quebec,QC,Canada;;;;;;;N;50.0;33.0;;11.0;2.0;2.0;14.0;1.0;11.0;34.0;6.0;2.0;11.0;1;0;0;1950 Jeanne-Mance;45.1342649;-71.8116628
42851;2015;2015 _ 42852;42111;14:00:00-14:59:00;VE;Leger;0;0;0;0;1;1;23027;Capitale-Nationale(03);Quebec (23 );;;CH Saint-Louis;,Quebec,QC,Canada;CH Saint-Louis,Quebec,QC,Canada;1.0;AV DES GOUVERNEURS;;;;;;50.0;33.0;;11.0;1.0;2.0;14.0;;11.0;32.0;;;11.0;1;0;0;1 CH Saint-Louis;46.756832;-71.2936464
42909;2015;2015 _ 42910;42117;08:00:00-08:59:00;JE;Leger;0;0;0;0;1;1;23027;Capitale-Nationale(03);Quebec (23 );;;Saint-Jean;,Quebec,QC,Canada;Saint-Jean,Quebec,QC,Canada;1.0;STE CLAIRE;;;;;;50.0;33.0;;12.0;1.0;3.0;13.0;1.0;11.0;34.0;6.0;1.0;14.0;1;0;0;1 Saint-Jean;48.4117463;7.0363373
42961;2015;2015 _ 42962;42122;13:00:00-13:59:00;MA;Leger;0;0;0;0;1;1;23072;Capitale-Nationale(03);Quebec (23 );;;Lionel-Groulx;,Quebec,QC,Canada;Lionel-Groulx,Quebec,QC,Canada;1.0;PIERRE GEORGES ROY;;;;10.0;S;50.0;33.0;;11.0;1.0;2.0;13.0;1.0;11.0;32.0;7.0;2.0;11.0;1;0;0;1 Lionel-Groulx;45.5801205;-73.4472988
43015;2015;2015 _ 43016;42126;14:00:00-14:59:00;SA;Leger;0;0;0;0;1;1;23027;Capitale-Nationale(03);Quebec (23 );;;JEAN-DURAND;,Quebec,QC,Canada;JEAN-DURAND,Quebec,QC,Canada;1.0;NEREE TREMBLAY;;;;;E;50.0;33.0;;11.0;1.0;3.0;13.0;1.0;13.0;32.0;6.0;2.0;11.0;1;0;0;1 JEAN-DURAND;43.7671283;2.0956216
43016;2015;2015 _ 43017;42126;13:00:00-13:59:00;SA;Leger;0;0;0;0;1;1;23027;Capitale-Nationale(03);Quebec (23 );;;BELVES;,Quebec,QC,Canada;BELVES,Quebec,QC,Canada;1.0;DUBEAU;;;;;;;33.0;;11.0;1.0;1.0;14.0;1.0;11.0;32.0;6.0;2.0;11.0;1;0;0;1 BELVES;44.74607125;0.975186732678
43025;2015;2015 _ 43026;42127;02:00:00-02:59:00;DI;Grave;0;0;0;0;1;1;23027;Capitale-Nationale(03);Quebec (23 );;;BD LAURIER;,Quebec,QC,Canada;BD LAURIER,Quebec,QC,Canada;1.0;JEAN DE QUEN;175.0;;;;;50.0;33.0;;11.0;3.0;3.0;12.0;1.0;11.0;32.0;6.0;3.0;11.0;1;0;0;1 BD LAURIER;46.7672202;-71.2882089
43027;2015;2015 _ 43028;42127;13:00:00-13:59:00;DI;Leger;0;0;0;0;1;1;23027;Capitale-Nationale(03);Quebec (23 );;;COTE GIGNAC;,Quebec,QC,Canada;COTE GIGNAC,Quebec,QC,Canada;1.0;NEGABAMAT;;;;;;30.0;33.0;;11.0;1.0;2.0;14.0;1.0;23.0;32.0;6.0;2.0;11.0;1;0;0;1 COTE GIGNAC;43.9193458;5.5270699
43045;2015;2015 _ 43046;42128;16:00:00-16:59:00;LU;Leger;0;0;0;0;1;1;23027;Capitale-Nationale(03);Quebec (23 );;;PERE LELIEVRE;,Quebec,QC,Canada;PERE LELIEVRE,Quebec,QC,Canada;1.0;ST LEANDRE;;;;20.0;E;50.0;33.0;;11.0;1.0;2.0;13.0;1.0;11.0;33.0;5.0;3.0;11.0;1;0;0;1 PERE LELIEVRE;48.1199655;-1.2008321
43046;2015;2015 _ 43047;42128;10:00:00-10:59:00;LU;Leger;0;0;0;0;1;1;23027;Capitale-Nationale(03);Quebec (23 );1100.0;;LEBOURGNEUF;,Quebec,QC,Canada;LEBOURGNEUF,Quebec,QC,Canada;1.0;LE MESNIL;;;;;;;33.0;;11.0;1.0;3.0;13.0;1.0;11.0;99.0;5.0;3.0;11.0;1;0;0;1100 LEBOURGNEUF;46.837165;-71.2865967
43065;2015;2015 _ 43066;42130;13:00:00-13:59:00;ME;Leger;0;0;0;0;1;1;23027;Capitale-Nationale(03);Quebec (23 );;;CH CANARDIERE;,Quebec,QC,Canada;CH CANARDIERE,Quebec,QC,Canada;1.0;HENRI BOURASSA;;;;10.0;E;50.0;33.0;;11.0;1.0;2.0;13.0;1.0;11.0;33.0;7.0;4.0;11.0;1;0;0;1 CH CANARDIERE;48.5513948;7.7435244
43139;2015;2015 _ 43140;42136;06:00:00-06:59:00;MA;Leger;0;0;0;0;1;1;23027;Capitale-Nationale(03);Quebec (23 );;;;,Quebec,QC,Canada;,Quebec,QC,Canada;1.0;AV D'ESTIMAUVILLE ET ANNE MAYRAND;;;;;N;50.0;33.0;;12.0;1.0;3.0;13.0;1.0;14.0;32.0;6.0;2.0;14.0;1;0;0;;34.220389;70.3800314
43155;2015;2015 _ 43156;42137;07:00:00-07:59:00;ME;Leger;0;0;0;0;1;1;23027;Capitale-Nationale(03);Quebec (23 );15.0;;Saint-Vallier Ouest;,Quebec,QC,Canada;Saint-Vallier Ouest,Quebec,QC,Canada;;;;;;;;;33.0;;11.0;1.0;2.0;14.0;1.0;11.0;34.0;6.0;2.0;12.0;1;0;0;15 Saint-Vallier Ouest;0.0;0.0
43158;2015;2015 _ 43159;42137;08:00:00-08:59:00;ME;Leger;0;0;0;0;1;1;23027;Capitale-Nationale(03);Quebec (23 );;;Charest Ouest;,Quebec,QC,Canada;Charest Ouest,Quebec,QC,Canada;1.0;VICTORIA;;;;;;50.0;33.0;;11.0;;2.0;13.0;1.0;11.0;32.0;6.0;3.0;11.0;1;0;0;1 Charest Ouest;0.0;0.0
43186;2015;2015 _ 43187;42138;11:00:00-11:59:00;JE;Leger;0;0;0;0;1;1;23027;Capitale-Nationale(03);Quebec (23 );;;EUGENE LAMONTAGNE;,Quebec,QC,Canada;EUGENE LAMONTAGNE,Quebec,QC,Canada;1.0;1ere avenue;138.0;;;;;50.0;33.0;;11.0;1.0;3.0;12.0;1.0;11.0;32.0;6.0;3.0;11.0;1;0;0;1 EUGENE LAMONTAGNE;46.8276618;-71.2443852
43248;2015;2015 _ 43249;42142;18:00:00-18:59:00;LU;Leger;0;0;0;0;1;1;23027;Capitale-Nationale(03);Quebec (23 );;;CONCORDE;,Quebec,QC,Canada;CONCORDE,Quebec,QC,Canada;1.0;PEUPLIERS O;;;;;;50.0;53.0;;11.0;1.0;2.0;14.0;1.0;11.0;32.0;7.0;2.0;11.0;1;0;0;1 CONCORDE;51.9061741;5.33774
43279;2015;2015 _ 43280;42144;15:00:00-15:59:00;ME;Leger;0;0;0;0;1;1;23027;Capitale-Nationale(03);Quebec (23 );1620.0;;BD DE L'entente;,Quebec,QC,Canada;BD DE L'entente,Quebec,QC,Canada;;;;;;;;50.0;33.0;;11.0;1.0;1.0;21.0;1.0;11.0;99.0;6.0;2.0;11.0;1;0;0;1620 BD DE L'entente;0.0;0.0
43336;2015;2015 _ 43337;42147;11:00:00-11:59:00;SA;Leger;0;0;0;0;1;1;23027;Capitale-Nationale(03);Quebec (23 );;;BD CHAMPLAIN;,Quebec,QC,Canada;BD CHAMPLAIN,Quebec,QC,Canada;1.0;ANSE VICTORIA;;;;400.0;O;60.0;33.0;;11.0;1.0;2.0;13.0;2.0;11.0;34.0;6.0;2.0;11.0;1;0;0;1 BD CHAMPLAIN;0.0;0.0
43343;2015;2015 _ 43344;42147;17:00:00-17:59:00;SA;Leger;0;0;0;0;1;1;23027;Capitale-Nationale(03);Quebec (23 );;;SAINT-LEON;,Quebec,QC,Canada;SAINT-LEON,Quebec,QC,Canada;1.0;ST LEON ET ST AMBROISE;;;;;;50.0;33.0;;11.0;1.0;7.0;14.0;1.0;13.0;32.0;6.0;2.0;11.0;1;0;0;;0.0;0.0
43351;2015;2015 _ 43352;42148;16:00:00-16:59:00;DI;Leger;0;0;0;0;1;1;23027;Capitale-Nationale(03);Quebec (23 );2424.0;;PONCELET;,Quebec,QC,Canada;PONCELET,Quebec,QC,Canada;1.0;ST NARCISSE;;;;;E;50.0;33.0;;11.0;1.0;2.0;14.0;1.0;11.0;32.0;6.0;2.0;11.0;1;0;0;2424 PONCELET;0.0;0.0
43379;2015;2015 _ 43380;42150;18:00:00-18:59:00;MA;Leger;0;0;0;0;1;1;23027;Capitale-Nationale(03);Quebec (23 );;;CH Sainte-Foy;,Quebec,QC,Canada;CH Sainte-Foy,Quebec,QC,Canada;1.0;LAURENTIENNE;;;;;;;33.0;;11.0;1.0;2.0;13.0;1.0;11.0;34.0;6.0;2.0;11.0;1;0;0;1 CH Sainte-Foy;0.0;0.0
43414;2015;2015 _ 43415;42152;20:00:00-20:59:00;JE;Leger;0;0;0;0;1;1;23027;Capitale-Nationale(03);Quebec (23 );;;PIERRE BERTRAND;,Quebec,QC,Canada;PIERRE BERTRAND,Quebec,QC,Canada;1.0;PIERRE BERTRAND ET SAMSON;;;;;N;50.0;33.0;;11.0;1.0;3.0;13.0;1.0;11.0;32.0;6.0;3.0;11.0;1;0;0;;0.0;0.0
43437;2015;2015 _ 43438;42154;13:00:00-13:59:00;SA;Leger;0;0;0;0;1;1;23027;Capitale-Nationale(03);Quebec (23 );;;PERE-MARQUETTE;,Quebec,QC,Canada;PERE-MARQUETTE,Quebec,QC,Canada;1.0;BRAVES;;;;;;50.0;33.0;;11.0;1.0;2.0;14.0;1.0;11.0;32.0;6.0;2.0;11.0;1;0;0;1 PERE MARQUETTE;0.0;0.0
43439;2015;2015 _ 43440;42155;11:00:00-11:59:00;DI;Grave;0;0;0;0;1;1;23027;Capitale-Nationale(03);Quebec (23 );;;BD WILFRID-HAMEL;,Quebec,QC,Canada;BD WILFRID-HAMEL,Quebec,QC,Canada;1.0;BOURDAGE ET HAMEL;;;;;;50.0;33.0;;11.0;1.0;3.0;13.0;1.0;11.0;32.0;2.0;3.0;11.0;1;0;0;1 BD WILFRID-HAMEL;0.0;0.0
43461;2015;2015 _ 43462;42157;07:00:00-07:59:00;MA;Leger;0;0;0;0;1;1;23027;Capitale-Nationale(03);Quebec (23 );;;4E AVENUE EST;,Quebec,QC,Canada;4E AVENUE EST,Quebec,QC,Canada;1.0;4E AV E ET SAPINIERE DORION;;;;;N;50.0;33.0;;12.0;2.0;2.0;13.0;1.0;11.0;32.0;6.0;3.0;14.0;1;0;0;;0.0;0.0
43500;2015;2015 _ 43501;42159;15:00:00-15:59:00;JE;Leger;0;0;0;0;1;1;23027;Capitale-Nationale(03);Quebec (23 );;;Saint-Louis;,Quebec,QC,Canada;Saint-Louis,Quebec,QC,Canada;1.0;DU VERGER;;;;;;50.0;33.0;;11.0;1.0;2.0;13.0;1.0;11.0;32.0;6.0;2.0;11.0;1;0;0;1 Saint-Louis;0.0;0.0
43508;2015;2015 _ 43509;42160;07:00:00-07:59:00;VE;Leger;0;0;0;0;1;1;23027;Capitale-Nationale(03);Quebec (23 );;;HOTELS ET Saint-Louis;,Quebec,QC,Canada;HOTELS ET Saint-Louis,Quebec,QC,Canada;;;;;;;;50.0;33.0;;11.0;1.0;3.0;13.0;1.0;13.0;32.0;6.0;2.0;11.0;1;0;0;1 HOTELS ET Saint-Louis;0.0;0.0
43509;2015;2015 _ 43510;42160;08:00:00-08:59:00;VE;Leger;0;0;0;0;1;1;23027;Capitale-Nationale(03);Quebec (23 );;;AV DE LA MEDECINE;,Quebec,QC,Canada;AV DE LA MEDECINE,Quebec,QC,Canada;;AL DE L UNIVERSITE;;;;;;50.0;33.0;;12.0;1.0;1.0;13.0;1.0;11.0;32.0;6.0;2.0;14.0;1;0;0;1 AV DE LA MEDECINE;0.0;0.0
43516;2015;2015 _ 43517;42160;16:00:00-16:59:00;VE;Leger;0;0;0;0;1;1;23027;Capitale-Nationale(03);Quebec (23 );;;PLANTE;,Quebec,QC,Canada;PLANTE,Quebec,QC,Canada;1.0;LAPERRIERE;;;;;;10.0;33.0;;11.0;1.0;2.0;14.0;1.0;13.0;32.0;6.0;2.0;14.0;1;0;0;1 PLANTE;0.0;0.0
43531;2015;2015 _ 43532;42161;14:00:00-14:59:00;SA;Grave;0;0;0;0;1;1;23072;Capitale-Nationale(03);Quebec (23 );4709.0;;ST-FÄLIX;,Quebec,QC,Canada;ST-FÄLIX,Quebec,QC,Canada;;;;;;;;50.0;33.0;;11.0;1.0;2.0;13.0;1.0;13.0;34.0;5.0;2.0;11.0;1;0;0;4709 ST FELIX;0.0;0.0
43539;2015;2015 _ 43540;42162;15:00:00-15:59:00;DI;Leger;0;0;0;0;1;1;23027;Capitale-Nationale(03);Quebec (23 );;;3E AV O;,Quebec,QC,Canada;3E AV O,Quebec,QC,Canada;1.0;66E RUE O;;;;;E;50.0;33.0;;11.0;1.0;3.0;13.0;1.0;13.0;33.0;6.0;3.0;12.0;1;0;0;1 3E AV O;0.0;0.0
43578;2015;2015 _ 43579;42165;22:00:00-22:59:00;ME;Leger;0;0;0;0;1;1;23027;Capitale-Nationale(03);Quebec (23 );11.0;;COTE DU PALAIS;,Quebec,QC,Canada;COTE DU PALAIS,Quebec,QC,Canada;;;;;;;;50.0;33.0;;11.0;3.0;3.0;13.0;1.0;23.0;33.0;6.0;2.0;12.0;1;0;0;11 COTE DU PALAIS;0.0;0.0
43582;2015;2015 _ 43583;42166;07:00:00-07:59:00;JE;Leger;0;0;0;0;1;1;23027;Capitale-Nationale(03);Quebec (23 );9210.0;;BD l'ormiere;,Quebec,QC,Canada;BD l'ormiere,Quebec,QC,Canada;;;;;;;S;50.0;33.0;;11.0;1.0;3.0;13.0;1.0;11.0;34.0;10.0;3.0;12.0;1;0;0;9210 BD l'ormiere;0.0;0.0
43594;2015;2015 _ 43595;42166;17:00:00-17:59:00;JE;Leger;0;0;0;0;1;1;23027;Capitale-Nationale(03);Quebec (23 );;;CHAMPLAIN;,Quebec,QC,Canada;CHAMPLAIN,Quebec,QC,Canada;1.0;DES SAPEURS;;;;;;50.0;33.0;;12.0;1.0;2.0;14.0;1.0;11.0;32.0;6.0;1.0;14.0;1;0;0;1 CHAMPLAIN;0.0;0.0
43602;2015;2015 _ 43603;42167;15:00:00-15:59:00;VE;Leger;0;0;0;0;1;1;23027;Capitale-Nationale(03);Quebec (23 );3349.0;;WILFRID-HAMEL;,Quebec,QC,Canada;WILFRID-HAMEL,Quebec,QC,Canada;1.0;FOUCAULT;;;;250.0;E;70.0;33.0;;11.0;1.0;3.0;13.0;1.0;11.0;34.0;6.0;3.0;12.0;1;0;0;3349 WILFRID-HAMEL;0.0;0.0
43606;2015;2015 _ 43607;42167;17:00:00-17:59:00;VE;Leger;0;0;0;0;1;1;23027;Capitale-Nationale(03);Quebec (23 );;;AV PLANTE;,Quebec,QC,Canada;AV PLANTE,Quebec,QC,Canada;1.0;LAPERRIERE;;;;;;50.0;33.0;;11.0;1.0;2.0;14.0;1.0;11.0;32.0;2.0;2.0;12.0;1;0;0;1 AV PLANTE;0.0;0.0
43624;2015;2015 _ 43625;42168;17:00:00-17:59:00;SA;Leger;0;0;0;0;1;1;23027;Capitale-Nationale(03);Quebec (23 );7900.0;;HENRI BOURASSA;,Quebec,QC,Canada;HENRI BOURASSA,Quebec,QC,Canada;;;;;;;;50.0;33.0;;11.0;;3.0;13.0;;13.0;33.0;9.0;;11.0;1;0;0;7900 HENRI BOURASSA;0.0;0.0
43631;2015;2015 _ 43632;42169;15:00:00-15:59:00;DI;Leger;0;0;0;0;1;1;23072;Capitale-Nationale(03);Quebec (23 );3525.0;;L'HETRIERE;,Quebec,QC,Canada;L'HETRIERE,Quebec,QC,Canada;;;;;;;;;33.0;;11.0;1.0;3.0;29.0;;11.0;;;;11.0;1;0;0;3525 L'HETRIERE;0.0;0.0
43632;2015;2015 _ 43633;42170;16:00:00-16:59:00;LU;Leger;0;0;0;0;1;1;23027;Capitale-Nationale(03);Quebec (23 );;;CH Saint-Louis;,Quebec,QC,Canada;CH Saint-Louis,Quebec,QC,Canada;1.0;COTE ROSS;;;;;;50.0;33.0;;11.0;1.0;2.0;13.0;1.0;11.0;32.0;6.0;2.0;11.0;1;0;0;1 CH Saint-Louis;0.0;0.0
43646;2015;2015 _ 43647;42170;19:00:00-19:59:00;LU;Leger;0;0;0;0;1;1;23027;Capitale-Nationale(03);Quebec (23 );;;JEAN TALON;,Quebec,QC,Canada;JEAN TALON,Quebec,QC,Canada;1.0;HENRI BOURASSA;;;;;;50.0;33.0;;11.0;1.0;3.0;13.0;1.0;11.0;33.0;6.0;3.0;12.0;1;0;0;1 JEAN TALON;0.0;0.0
43664;2015;2015 _ 43665;42172;12:00:00-12:59:00;ME;Leger;0;0;0;0;1;1;23027;Capitale-Nationale(03);Quebec (23 );1460.0;;1ere avenue;,Quebec,QC,Canada;1ere avenue,Quebec,QC,Canada;2.0;A L OPP;;;;;;50.0;33.0;;11.0;1.0;3.0;14.0;1.0;13.0;34.0;7.0;2.0;11.0;1;0;0;1460 1ere avenue;0.0;0.0
43695;2015;2015 _ 43696;42173;17:00:00-17:59:00;JE;Leger;0;0;0;0;1;1;23027;Capitale-Nationale(03);Quebec (23 );;;CLAIRE FONTAINE;,Quebec,QC,Canada;CLAIRE FONTAINE,Quebec,QC,Canada;1.0;CLAIRE FONTAINE;;;;;;50.0;33.0;;11.0;1.0;5.0;14.0;1.0;14.0;32.0;6.0;1.0;11.0;1;0;0;;0.0;0.0
43710;2015;2015 _ 43711;42174;13:00:00-13:59:00;VE;Leger;0;0;0;0;1;1;23027;Capitale-Nationale(03);Quebec (23 );;;ETIENNE-BRULE;,Quebec,QC,Canada;ETIENNE-BRULE,Quebec,QC,Canada;1.0;JEAN BAPTISTE PEUVRET;;;;;;30.0;33.0;;11.0;1.0;7.0;14.0;1.0;11.0;32.0;6.0;2.0;11.0;1;0;0;1 ETIENNE-BRULE;0.0;0.0
43730;2015;2015 _ 43731;42176;16:00:00-16:59:00;DI;Leger;0;0;0;0;1;1;23027;Capitale-Nationale(03);Quebec (23 );;;JAVA;,Quebec,QC,Canada;JAVA,Quebec,QC,Canada;1.0;JOUVENCE;;;;;N;50.0;33.0;;11.0;1.0;2.0;14.0;1.0;11.0;32.0;6.0;2.0;11.0;1;0;0;1 JAVA;-7.589623;112.1219685
43782;2015;2015 _ 43783;42165;21:00:00-21:59:00;ME;Grave;0;0;0;0;1;1;23027;Capitale-Nationale(03);Quebec (23 );;;MASSON;,Quebec,QC,Canada;MASSON,Quebec,QC,Canada;1.0;PERE LELIEVRE;;;;;;50.0;33.0;;11.0;3.0;3.0;13.0;1.0;21.0;33.0;5.0;3.0;11.0;1;0;0;1 MASSON;45.0641229;4.6784397
43831;2015;2015 _ 43832;42184;07:00:00-07:59:00;LU;Leger;0;0;0;0;1;1;23027;Capitale-Nationale(03);Quebec (23 );;;HOCHELAGA;,Quebec,QC,Canada;HOCHELAGA,Quebec,QC,Canada;1.0;BERNARDIN MORIN;;;;;;50.0;33.0;;12.0;1.0;3.0;13.0;1.0;11.0;32.0;6.0;3.0;12.0;1;0;0;1 HOCHELAGA;45.5421326;-73.5476296
43850;2015;2015 _ 43851;42184;22:00:00-22:59:00;LU;Leger;0;0;0;0;1;1;23027;Capitale-Nationale(03);Quebec (23 );;;CHAMPFLEURY;,Quebec,QC,Canada;CHAMPFLEURY,Quebec,QC,Canada;1.0;25E RUE;;;;;;50.0;33.0;;11.0;3.0;2.0;14.0;1.0;11.0;32.0;;2.0;11.0;1;0;0;1 CHAMPFLEURY;49.1984834;4.0165459
43900;2015;2015 _ 43901;42188;13:00:00-13:59:00;VE;Leger;0;0;0;0;1;1;23027;Capitale-Nationale(03);Quebec (23 );;;BOUGAINVILLE;,Quebec,QC,Canada;BOUGAINVILLE,Quebec,QC,Canada;1.0;Grande ALLEE OUEST;;;;;;50.0;33.0;;11.0;1.0;2.0;13.0;1.0;11.0;32.0;6.0;4.0;11.0;1;0;0;1 BOUGAINVILLE;-19.848415;-44.1490313
43901;2015;2015 _ 43902;42188;14:00:00-14:59:00;VE;Leger;0;0;0;0;1;1;23027;Capitale-Nationale(03);Quebec (23 );;;PIERRE BERTRAND;,Quebec,QC,Canada;PIERRE BERTRAND,Quebec,QC,Canada;1.0;DES TOURNELLES;;;;;;50.0;33.0;;11.0;1.0;4.0;13.0;1.0;13.0;32.0;6.0;3.0;11.0;1;0;0;1 PIERRE BERTRAND;46.831471;-71.2793761
43908;2015;2015 _ 43909;42189;14:00:00-14:59:00;SA;Leger;0;0;0;0;1;1;23027;Capitale-Nationale(03);Quebec (23 );694.0;;Saint-Vallier Ouest;,Quebec,QC,Canada;Saint-Vallier Ouest,Quebec,QC,Canada;1.0;;;;;;N;;33.0;;11.0;;3.0;21.0;1.0;11.0;33.0;9.0;2.0;12.0;1;0;0;694 Saint-Vallier Ouest;0.0;0.0
43965;2015;2015 _ 43966;42193;17:00:00-17:59:00;ME;Leger;0;0;0;0;1;1;23027;Capitale-Nationale(03);Quebec (23 );;;Saint-Joachim;,Quebec,QC,Canada;Saint-Joachim,Quebec,QC,Canada;1.0;HONORE MERCIER;;;;;;50.0;33.0;;11.0;1.0;3.0;14.0;1.0;11.0;32.0;;2.0;11.0;1;0;0;1 Saint-Joachim;47.3836823;-2.2020677
43967;2015;2015 _ 43968;42193;21:00:00-21:59:00;ME;Leger;0;0;0;0;1;1;23027;Capitale-Nationale(03);Quebec (23 );550.0;;BD PERE LELIEVRE;,Quebec,QC,Canada;BD PERE LELIEVRE,Quebec,QC,Canada;1.0;NOLIN;;;;50.0;O;50.0;33.0;;11.0;3.0;3.0;13.0;1.0;11.0;33.0;6.0;3.0;11.0;1;0;0;550 BD PERE LELIEVRE;46.8136356;-71.2717344
43974;2015;2015 _ 43975;42194;07:00:00-07:59:00;JE;Leger;0;0;0;0;1;1;23027;Capitale-Nationale(03);Quebec (23 );;;CHABOT;,Quebec,QC,Canada;CHABOT,Quebec,QC,Canada;1.0;CHAMPAGNAT;;;;;;50.0;33.0;;11.0;1.0;2.0;14.0;1.0;11.0;32.0;6.0;2.0;11.0;1;0;0;1 CHABOT;46.7032813;-1.2662982
43978;2015;2015 _ 43979;42194;17:00:00-17:59:00;JE;Leger;0;0;0;0;1;1;23027;Capitale-Nationale(03);Quebec (23 );;;DES HOTELS;,Quebec,QC,Canada;DES HOTELS,Quebec,QC,Canada;1.0;CHARLES M MONSARRAT;;;;;N;50.0;33.0;;11.0;1.0;3.0;13.0;1.0;13.0;32.0;6.0;2.0;11.0;1;0;0;1 DES HOTELS;47.1504291;23.8767184615
44041;2015;2015 _ 44042;42198;22:00:00-22:59:00;LU;Leger;0;0;0;0;1;1;23027;Capitale-Nationale(03);Quebec (23 );;;MARIE-DE-L'INCARNATION;,Quebec,QC,Canada;MARIE-DE-L'INCARNATION,Quebec,QC,Canada;1.0;RAOUL JOBIN;;;;;;50.0;33.0;;11.0;3.0;3.0;13.0;1.0;11.0;32.0;6.0;3.0;11.0;1;0;0;1 MARIE-DE-L'INCARNATION;0.0;0.0
44064;2015;2015 _ 44065;42200;13:00:00-13:59:00;ME;Leger;0;0;0;0;1;1;23027;Capitale-Nationale(03);Quebec (23 );17010.0;;BD HENRI BOURASSA;,Quebec,QC,Canada;BD HENRI BOURASSA,Quebec,QC,Canada;;;;;;;;50.0;33.0;;11.0;1.0;3.0;13.0;1.0;13.0;99.0;7.0;3.0;11.0;1;0;0;17010 BD HENRI BOURASSA;45.6207876;-73.588462
44071;2015;2015 _ 44072;42200;15:00:00-15:59:00;ME;Leger;0;0;0;0;1;1;23027;Capitale-Nationale(03);Quebec (23 );;;BD Charest Ouest;,Quebec,QC,Canada;BD Charest Ouest,Quebec,QC,Canada;2.0;VERDUN;;;;;;50.0;33.0;;11.0;1.0;3.0;12.0;1.0;14.0;33.0;8.0;1.0;11.0;1;0;0;1 BD Charest Ouest;0.0;0.0
44076;2015;2015 _ 44077;42200;17:00:00-17:59:00;ME;Leger;0;0;0;0;1;1;23027;Capitale-Nationale(03);Quebec (23 );;;CHENES O;,Quebec,QC,Canada;CHENES O,Quebec,QC,Canada;1.0;DUVAL;;;;;;50.0;33.0;;11.0;1.0;2.0;14.0;1.0;11.0;32.0;6.0;2.0;11.0;1;0;0;1 CHENES O;0.0;0.0
44078;2015;2015 _ 44079;42200;23:00:00-23:59:00;ME;Leger;0;0;0;0;1;1;23027;Capitale-Nationale(03);Quebec (23 );;;18E RUE;,Quebec,QC,Canada;18E RUE,Quebec,QC,Canada;1.0;MT THABOR;;;;;;50.0;31.0;;11.0;3.0;3.0;13.0;2.0;11.0;32.0;;3.0;11.0;1;0;0;1 18E RUE;46.8359511;-71.2261586
44090;2015;2015 _ 44091;42201;15:00:00-15:59:00;JE;Leger;0;0;0;0;1;1;23027;Capitale-Nationale(03);Quebec (23 );;;PERE LELIEVRE;,Quebec,QC,Canada;PERE LELIEVRE,Quebec,QC,Canada;1.0;LABRECQUE;;;;;;50.0;33.0;;11.0;1.0;2.0;13.0;1.0;11.0;32.0;5.0;3.0;11.0;1;0;0;1 PERE LELIEVRE;48.1199655;-1.2008321
44091;2015;2015 _ 44092;42201;15:00:00-15:59:00;JE;Leger;0;0;0;0;1;1;23072;Capitale-Nationale(03);Quebec (23 );;;RTE 138;,Quebec,QC,Canada;RTE 138,Quebec,QC,Canada;1.0;RTE RACETTE;138.0;;;;;50.0;33.0;;11.0;1.0;3.0;12.0;;14.0;32.0;;2.0;11.0;1;0;0;1 RTE 138;45.4224865;-73.652393
44095;2015;2015 _ 44096;42201;17:00:00-17:59:00;JE;Leger;0;0;0;0;1;1;23027;Capitale-Nationale(03);Quebec (23 );;;AV TURMEL;,Quebec,QC,Canada;AV TURMEL,Quebec,QC,Canada;1.0;L AFFLUENT;;;;;;50.0;31.0;;11.0;1.0;2.0;14.0;1.0;11.0;32.0;5.0;2.0;11.0;1;0;0;1 AV TURMEL;48.6269964;-1.03122
44096;2015;2015 _ 44097;42201;18:00:00-18:59:00;JE;Leger;0;0;0;0;1;1;23027;Capitale-Nationale(03);Quebec (23 );;;AV PAINCHAUD;,Quebec,QC,Canada;AV PAINCHAUD,Quebec,QC,Canada;2.0;BD RENE LEVLESQUE;;;;;;;33.0;;11.0;1.0;2.0;14.0;1.0;11.0;33.0;7.0;2.0;11.0;1;0;0;1 AV PAINCHAUD;46.7874837;-71.2592719
44114;2015;2015 _ 44115;42202;20:00:00-20:59:00;VE;Leger;0;0;0;0;1;1;23027;Capitale-Nationale(03);Quebec (23 );;;Charest Est;,Quebec,QC,Canada;Charest Est,Quebec,QC,Canada;1.0;DARVIS;;;;;;50.0;33.0;;11.0;2.0;3.0;13.0;1.0;11.0;;6.0;3.0;11.0;1;0;0;1 Charest Est;45.4709613;-73.6549225
44117;2015;2015 _ 44118;42203;04:00:00-04:59:00;SA;Grave;0;0;0;0;1;1;23027;Capitale-Nationale(03);Quebec (23 );;;CH Sainte-Foy;,Quebec,QC,Canada;CH Sainte-Foy,Quebec,QC,Canada;1.0;DE BIENVILLE;;;;5.0;E;50.0;33.0;;12.0;3.0;2.0;13.0;1.0;11.0;32.0;6.0;3.0;14.0;1;0;0;1 CH Sainte-Foy;46.7842873;-71.2870989
44127;2015;2015 _ 44128;42203;17:00:00-17:59:00;SA;Leger;0;0;0;0;1;1;23027;Capitale-Nationale(03);Quebec (23 );;;Route Jean-Gauvin;,Quebec,QC,Canada;Route Jean-Gauvin,Quebec,QC,Canada;1.0;AV JULES VERNE;;;;;O;50.0;33.0;;12.0;1.0;3.0;13.0;1.0;11.0;32.0;6.0;3.0;14.0;1;0;0;1 Route Jean-Gauvin;46.7648668;-71.3710561
44169;2015;2015 _ 44170;42208;08:00:00-08:59:00;JE;Leger;0;0;0;0;1;1;23027;Capitale-Nationale(03);Quebec (23 );;;PLATANES;,Quebec,QC,Canada;PLATANES,Quebec,QC,Canada;1.0;LOUTRES;;;;;;50.0;33.0;;11.0;1.0;2.0;14.0;1.0;12.0;32.0;6.0;2.0;12.0;1;0;0;1 PLATANES;35.1729495;24.5885192
44196;2015;2015 _ 44197;42210;20:00:00-20:59:00;SA;Leger;0;0;0;0;1;1;23027;Capitale-Nationale(03);Quebec (23 );;;PIE XI N;,Quebec,QC,Canada;PIE XI N,Quebec,QC,Canada;1.0;ESTEREL;;;;;;50.0;33.0;;11.0;3.0;3.0;13.0;1.0;11.0;32.0;6.0;2.0;11.0;1;0;0;1 PIE XI N;0.0;0.0
44268;2015;2015 _ 44269;42216;15:00:00-15:59:00;VE;Leger;0;0;0;0;1;1;23027;Capitale-Nationale(03);Quebec (23 );;;PIERRE BERTRAND;,Quebec,QC,Canada;PIERRE BERTRAND,Quebec,QC,Canada;1.0;PIERRE BERTRAND ET WILFRID-HAMEL;;;;15.0;N;50.0;33.0;;11.0;1.0;3.0;13.0;1.0;11.0;34.0;6.0;3.0;11.0;1;0;0;;34.220389;70.3800314
44279;2015;2015 _ 44280;42218;10:00:00-10:59:00;DI;Leger;0;0;0;0;1;1;23027;Capitale-Nationale(03);Quebec (23 );;;TURMEL;,Quebec,QC,Canada;TURMEL,Quebec,QC,Canada;1.0;ST VICTOR;;;;;;50.0;33.0;;11.0;1.0;2.0;14.0;1.0;11.0;32.0;5.0;2.0;12.0;1;0;0;1 TURMEL;48.6269964;-1.03122
44284;2015;2015 _ 44285;42218;21:00:00-21:59:00;DI;Leger;0;0;0;0;1;1;23027;Capitale-Nationale(03);Quebec (23 );;;MGR GOSSELIN ET PONCELET;,Quebec,QC,Canada;MGR GOSSELIN ET PONCELET,Quebec,QC,Canada;;;;;;;;50.0;33.0;;11.0;3.0;2.0;14.0;1.0;11.0;32.0;6.0;2.0;11.0;1;0;0;1 MGR GOSSELIN ET PONCELET;0.0;0.0
44288;2015;2015 _ 44289;42219;10:00:00-10:59:00;LU;Leger;0;0;0;0;1;1;23027;Capitale-Nationale(03);Quebec (23 );;;HENRI BOURASSA;,Quebec,QC,Canada;HENRI BOURASSA,Quebec,QC,Canada;1.0;HENRI BOURASSA ET DE NEMOURS;;;;;;50.0;33.0;;11.0;1.0;2.0;14.0;;11.0;;;3.0;11.0;1;0;0;;34.220389;70.3800314
44296;2015;2015 _ 44297;42219;20:00:00-20:59:00;LU;Leger;0;0;0;0;1;1;23027;Capitale-Nationale(03);Quebec (23 );;;DURAND;,Quebec,QC,Canada;DURAND,Quebec,QC,Canada;1.0;ORMIERE;;;;20.0;E;50.0;33.0;;11.0;3.0;3.0;21.0;1.0;11.0;40.0;6.0;9.0;12.0;1;0;0;1 DURAND;43.1114298;2.0671191
44310;2015;2015 _ 44311;42220;23:00:00-23:59:00;MA;Leger;0;0;0;0;1;1;23027;Capitale-Nationale(03);Quebec (23 );;;CAVELIER ET ROCHAMBEAULT;,Quebec,QC,Canada;CAVELIER ET ROCHAMBEAULT,Quebec,QC,Canada;1.0;ROCHAMBEAULT;;;;;S;30.0;33.0;;12.0;3.0;2.0;14.0;1.0;11.0;32.0;6.0;2.0;11.0;1;0;0;1 CAVELIER ET ROCHAMBEAULT;0.0;0.0
44312;2015;2015 _ 44313;42221;09:00:00-09:59:00;ME;Leger;0;0;0;0;1;1;23027;Capitale-Nationale(03);Quebec (23 );;;AIGUILLON;,Quebec,QC,Canada;AIGUILLON,Quebec,QC,Canada;1.0;STE CLAIRE;;;;;;50.0;33.0;;11.0;1.0;2.0;14.0;1.0;13.0;32.0;6.0;1.0;11.0;1;0;0;1 AIGUILLON;44.3002778;0.3416667
44341;2015;2015 _ 44342;42222;17:00:00-17:59:00;JE;Leger;0;0;0;0;1;1;23027;Capitale-Nationale(03);Quebec (23 );2185;;PERE LELIEVRE;,Quebec,QC,Canada;PERE LELIEVRE,Quebec,QC,Canada;2.0;2185 PERE LELIEVRE;;;;;;50.0;33.0;;11.0;1.0;3.0;13.0;1.0;11.0;32.0;2.0;3.0;11.0;1;0;0;;34.220389;70.3800314
44344;2015;2015 _ 44345;42222;20:00:00-20:59:00;JE;Leger;0;0;0;0;1;1;23027;Capitale-Nationale(03);Quebec (23 );371.0;;SEIGNEURIALE;,Quebec,QC,Canada;SEIGNEURIALE,Quebec,QC,Canada;;;;;;;;50.0;33.0;;11.0;2.0;3.0;13.0;1.0;14.0;33.0;9.0;2.0;11.0;1;0;0;371 SEIGNEURIALE;46.893723;-71.2143061
44348;2015;2015 _ 44349;42220;03:00:00-03:59:00;MA;Leger;0;0;0;0;1;1;23027;Capitale-Nationale(03);Quebec (23 );;;FRASER;,Quebec,QC,Canada;FRASER,Quebec,QC,Canada;;BROWN;;;;;;;33.0;;11.0;3.0;2.0;14.0;1.0;11.0;31.0;;2.0;11.0;1;0;0;1 FRASER;42.539202;-82.9493651
44353;2015;2015 _ 44354;42223;12:00:00-12:59:00;VE;Leger;0;0;0;0;1;1;23027;Capitale-Nationale(03);Quebec (23 );;;MORILLE;,Quebec,QC,Canada;MORILLE,Quebec,QC,Canada;1.0;THERESE CASGRAIN;;;;;;50.0;33.0;;11.0;1.0;2.0;14.0;1.0;11.0;32.0;6.0;2.0;11.0;1;0;0;1 MORILLE;40.8082578;-5.6972236
44354;2015;2015 _ 44355;42223;13:00:00-13:59:00;VE;Leger;0;0;0;0;1;1;23027;Capitale-Nationale(03);Quebec (23 );;;JOAN GAUVIN;,Quebec,QC,Canada;JOAN GAUVIN,Quebec,QC,Canada;1.0;ROBERT ET SEGUIN;;;;;E;50.0;33.0;;11.0;1.0;3.0;13.0;1.0;11.0;32.0;;2.0;11.0;1;0;0;1 JOAN GAUVIN;0.0;0.0
44355;2015;2015 _ 44356;42223;13:00:00-13:59:00;VE;Leger;0;0;0;0;1;1;23027;Capitale-Nationale(03);Quebec (23 );;;3IEME AV;,Quebec,QC,Canada;3IEME AV,Quebec,QC,Canada;1.0;8IEME RUE;;;;5.0;S;50.0;33.0;;11.0;1.0;3.0;13.0;1.0;11.0;32.0;6.0;2.0;11.0;1;0;0;1 3IEME AV;46.3499377;-72.5547312
44357;2015;2015 _ 44358;42223;14:00:00-14:59:00;VE;Leger;0;0;0;0;1;1;23027;Capitale-Nationale(03);Quebec (23 );2987.0;;Saint-Louis;,Quebec,QC,Canada;Saint-Louis,Quebec,QC,Canada;;;;;;;E;50.0;33.0;;11.0;1.0;2.0;14.0;1.0;11.0;;6.0;2.0;11.0;1;0;0;2987 Saint-Louis;14.6833173;121.0294834
44403;2015;2015 _ 44404;42227;15:00:00-15:59:00;MA;Leger;0;0;0;0;1;1;23027;Capitale-Nationale(03);Quebec (23 );1420.0;;CYRILLE-DUCQUET;,Quebec,QC,Canada;CYRILLE-DUCQUET,Quebec,QC,Canada;;;;;;;S;50.0;33.0;;12.0;1.0;3.0;13.0;1.0;11.0;40.0;6.0;2.0;15.0;1;0;0;1420 CYRILLE-DUCQUET;0.0;0.0
44407;2015;2015 _ 44408;42227;16:00:00-16:59:00;MA;Leger;0;0;0;0;1;1;23027;Capitale-Nationale(03);Quebec (23 );;;EUGENE LAMONTAGNE;,Quebec,QC,Canada;EUGENE LAMONTAGNE,Quebec,QC,Canada;1.0;JALOBERT;;;;;;50.0;33.0;;12.0;1.0;3.0;13.0;1.0;11.0;32.0;6.0;2.0;15.0;1;0;0;1 EUGENE LAMONTAGNE;46.8276618;-71.2443852
44411;2015;2015 _ 44412;42228;09:00:00-09:59:00;ME;Leger;0;0;0;0;1;1;23027;Capitale-Nationale(03);Quebec (23 );;;DES QUATRE BOURGEOIS;,Quebec,QC,Canada;DES QUATRE BOURGEOIS,Quebec,QC,Canada;1.0;DE L EGLISE;;;;;;50.0;33.0;;11.0;1.0;3.0;11.0;1.0;21.0;32.0;7.0;1.0;11.0;1;0;0;1 DES QUATRE BOURGEOIS;46.7549167;-71.3311635
44463;2015;2015 _ 44464;42233;07:00:00-07:59:00;LU;Leger;0;0;0;0;1;1;23027;Capitale-Nationale(03);Quebec (23 );9375.0;;BD DE l'ormiereS;,Quebec,QC,Canada;BD DE l'ormiereS,Quebec,QC,Canada;2.0;COTE O STAT MCDONALD S;;;;;S;50.0;33.0;;11.0;1.0;3.0;13.0;1.0;11.0;33.0;7.0;3.0;11.0;1;0;0;9375 BD DE l'ormiereS;0.0;0.0
44482;2015;2015 _ 44483;42234;23:00:00-23:59:00;MA;Leger;0;0;0;0;1;1;23027;Capitale-Nationale(03);Quebec (23 );;;HETRIERE;,Quebec,QC,Canada;HETRIERE,Quebec,QC,Canada;;JEAN GAUVIN;;;;;;50.0;33.0;;11.0;3.0;2.0;13.0;;11.0;32.0;;1.0;;1;0;0;1 HETRIERE;46.0118064;-64.5995253
44496;2015;2015 _ 44497;42236;00:00:00-00:59:00;JE;Leger;0;0;0;0;1;1;23027;Capitale-Nationale(03);Quebec (23 );;;Charest Ouest;,Quebec,QC,Canada;Charest Ouest,Quebec,QC,Canada;1.0;MARIE-DE-L'INCARNATION;;;;;S;50.0;31.0;;11.0;3.0;3.0;13.0;1.0;11.0;32.0;6.0;3.0;11.0;1;0;0;1 Charest Ouest;0.0;0.0
44502;2015;2015 _ 44503;42235;17:00:00-17:59:00;ME;Leger;0;0;0;0;1;1;23027;Capitale-Nationale(03);Quebec (23 );;;CANARDIERE;,Quebec,QC,Canada;CANARDIERE,Quebec,QC,Canada;1.0;10E RUE;;;;;;50.0;33.0;;11.0;1.0;3.0;13.0;1.0;11.0;32.0;6.0;2.0;11.0;1;0;0;1 CANARDIERE;47.3903017;-0.6739041
44516;2015;2015 _ 44517;42237;17:00:00-17:59:00;VE;Leger;0;0;0;0;1;1;23027;Capitale-Nationale(03);Quebec (23 );;;ETIMAUVILLE;,Quebec,QC,Canada;ETIMAUVILLE,Quebec,QC,Canada;1.0;DES MOQUEURS;;;;5.0;O;50.0;33.0;;11.0;1.0;3.0;19.0;1.0;11.0;32.0;5.0;2.0;11.0;1;0;0;1 ETIMAUVILLE;0.0;0.0
44518;2015;2015 _ 44519;42237;19:00:00-19:59:00;VE;Grave;0;0;0;0;1;1;23027;Capitale-Nationale(03);Quebec (23 );;;60E RUE E;,Quebec,QC,Canada;60E RUE E,Quebec,QC,Canada;1.0;VINCENT BEAUMONT;;;;;;50.0;33.0;;11.0;1.0;2.0;14.0;1.0;13.0;32.0;6.0;2.0;11.0;1;0;0;1 60E RUE E;0.0;0.0
44520;2015;2015 _ 44521;42237;21:00:00-21:59:00;VE;Leger;0;0;0;0;1;1;23027;Capitale-Nationale(03);Quebec (23 );;;CH Sainte-Foy;,Quebec,QC,Canada;CH Sainte-Foy,Quebec,QC,Canada;1.0;MURRAY;;;;;;50.0;33.0;;11.0;3.0;2.0;12.0;1.0;11.0;32.0;6.0;3.0;11.0;1;0;0;1 CH Sainte-Foy;46.7842873;-71.2870989
44542;2015;2015 _ 44543;42237;16:00:00-16:59:00;VE;Leger;0;0;0;0;1;1;23027;Capitale-Nationale(03);Quebec (23 );;;3E AVENUE;,Quebec,QC,Canada;3E AVENUE,Quebec,QC,Canada;1.0;3E RUE;;;;50.0;N;50.0;33.0;;11.0;1.0;3.0;14.0;1.0;11.0;33.0;6.0;2.0;11.0;1;0;0;1 3E AV ANGLE 3E RUE;0.0;0.0
44551;2015;2015 _ 44552;42240;07:00:00-07:59:00;LU;Leger;0;0;0;0;1;1;23027;Capitale-Nationale(03);Quebec (23 );;;FIEDMONT;,Quebec,QC,Canada;FIEDMONT,Quebec,QC,Canada;1.0;BIEVRE;;;;;;50.0;33.0;;11.0;1.0;2.0;14.0;1.0;11.0;32.0;5.0;2.0;11.0;1;0;0;1 FIEDMONT;46.773955;-71.2848046
44567;2015;2015 _ 44568;42241;08:00:00-08:59:00;MA;Leger;0;0;0;0;1;1;23027;Capitale-Nationale(03);Quebec (23 );;;MARIE-DE-L'INCARNATION;,Quebec,QC,Canada;MARIE-DE-L'INCARNATION,Quebec,QC,Canada;1.0;WILFRID-HAMEL;;;;75.0;S;50.0;33.0;;11.0;1.0;2.0;13.0;1.0;11.0;32.0;6.0;3.0;12.0;1;0;0;1 MARIE-DE-L'INCARNATION;0.0;0.0
44569;2015;2015 _ 44570;42239;17:00:00-17:59:00;DI;Leger;0;0;0;0;1;1;23027;Capitale-Nationale(03);Quebec (23 );;;CORRIDOR DES CHEMINOTS;,Quebec,QC,Canada;CORRIDOR DES CHEMINOTS,Quebec,QC,Canada;1.0;AV DES AFFAIRES;;;;400.0;O;;31.0;;11.0;1.0;9.0;29.0;1.0;11.0;33.0;5.0;2.0;11.0;1;0;0;1 CORRIDOR DES CHEMINOTS;46.8627065;-71.4126813
44580;2015;2015 _ 44581;42241;18:00:00-18:59:00;MA;Leger;0;0;0;0;1;1;23027;Capitale-Nationale(03);Quebec (23 );;;DES OBLATS;,Quebec,QC,Canada;DES OBLATS,Quebec,QC,Canada;1.0;MAZENOD;;;;;S;50.0;33.0;;12.0;1.0;3.0;13.0;1.0;11.0;32.0;6.0;2.0;14.0;1;0;0;1 DES OBLATS;50.630172;5.58878445657
44612;2015;2015 _ 44613;42243;17:00:00-17:59:00;JE;Leger;0;0;0;0;1;1;23027;Capitale-Nationale(03);Quebec (23 );;;Saint-Vallier Ouest;,Quebec,QC,Canada;Saint-Vallier Ouest,Quebec,QC,Canada;1.0;ST LUC;;;;;;;33.0;;11.0;1.0;2.0;13.0;1.0;11.0;32.0;6.0;2.0;11.0;1;0;0;1 Saint-Vallier Ouest;0.0;0.0
44618;2015;2015 _ 44619;42244;10:00:00-10:59:00;VE;Leger;0;0;0;0;1;1;23072;Capitale-Nationale(03);Quebec (23 );3688.0;;DE L'HETRIERE;,Quebec,QC,Canada;DE L'HETRIERE,Quebec,QC,Canada;2.0;SUR PISTE CYCLABLE FACE AU 3688;;;;;;;33.0;;11.0;1.0;3.0;13.0;1.0;13.0;99.0;5.0;2.0;11.0;1;0;0;3688 DE L'HETRIERE;0.0;0.0
44619;2015;2015 _ 44620;42244;11:00:00-11:59:00;VE;Leger;0;0;0;0;2;2;23027;Capitale-Nationale(03);Quebec (23 );;;BD RENE-LEVESQUE OUEST;,Quebec,QC,Canada;BD RENE-LEVESQUE OUEST,Quebec,QC,Canada;1.0;MONTIGNY;;;;;;50.0;33.0;;11.0;1.0;2.0;13.0;1.0;11.0;32.0;6.0;3.0;11.0;2;0;0;1 BD RENE-LEVESQUE OUEST;0.0;0.0
44627;2015;2015 _ 44628;42244;21:00:00-21:59:00;VE;Leger;0;0;0;0;1;1;23027;Capitale-Nationale(03);Quebec (23 );;;CHRISTOPHE-COLOMB Ouest;,Quebec,QC,Canada;CHRISTOPHE-COLOMB Ouest,Quebec,QC,Canada;1.0;MONTMAGNY;;;;;;50.0;33.0;;11.0;3.0;5.0;14.0;1.0;11.0;32.0;6.0;1.0;11.0;1;0;0;1 CHRISTOPHE-COLOMB Ouest;0.0;0.0
44632;2015;2015 _ 44633;42245;14:00:00-14:59:00;SA;Leger;0;0;0;0;1;1;23027;Capitale-Nationale(03);Quebec (23 );1699.0;;AV D'ESTIMAUVILLE;,Quebec,QC,Canada;AV D'ESTIMAUVILLE,Quebec,QC,Canada;1.0;BD STE ANNE;;;;;O;50.0;33.0;;11.0;1.0;3.0;13.0;1.0;11.0;33.0;10.0;3.0;11.0;1;0;0;1699 AV D'ESTIMAUVILLE;0.0;0.0
44670;2015;2015 _ 44671;42248;14:00:00-14:59:00;MA;Leger;0;0;0;0;1;1;23027;Capitale-Nationale(03);Quebec (23 );;;BOUGAINVILLE;,Quebec,QC,Canada;BOUGAINVILLE,Quebec,QC,Canada;1.0;BOUGAINVILLE ET Grande ALLEE OUEST;;;;;E;50.0;33.0;;11.0;1.0;2.0;13.0;1.0;11.0;32.0;6.0;3.0;11.0;1;0;0;;34.220389;70.3800314
44681;2015;2015 _ 44682;42248;17:00:00-17:59:00;MA;Leger;0;0;0;0;1;1;23027;Capitale-Nationale(03);Quebec (23 );465.0;;CHRISTOPHE-COLOMB Ouest;,Quebec,QC,Canada;CHRISTOPHE-COLOMB Ouest,Quebec,QC,Canada;2.0;FACE;;;;;O;50.0;33.0;;11.0;1.0;2.0;14.0;1.0;11.0;33.0;6.0;1.0;11.0;1;0;0;465 CHRISTOPHE-COLOMB Ouest;45.63074865;-73.4645909695
44725;2015;2015 _ 44726;42251;09:00:00-09:59:00;VE;Leger;0;0;0;0;1;1;23027;Capitale-Nationale(03);Quebec (23 );;;DE LA POINTE-AUX-LIEVRES;,Quebec,QC,Canada;DE LA POINTE-AUX-LIEVRES,Quebec,QC,Canada;1.0;CROIX ROUGE;;;;;;50.0;33.0;;11.0;1.0;3.0;13.0;1.0;11.0;32.0;6.0;3.0;11.0;1;0;0;1 DE LA POINTE-AUX-LIEVRES;0.0;0.0
44771;2015;2015 _ 44772;42255;11:00:00-11:59:00;MA;Leger;0;0;0;0;1;1;23027;Capitale-Nationale(03);Quebec (23 );10045.0;;FARINIERE;,Quebec,QC,Canada;FARINIERE,Quebec,QC,Canada;;;;;;;;50.0;33.0;;11.0;1.0;2.0;14.0;1.0;12.0;34.0;6.0;2.0;11.0;1;0;0;10045 FARINIERE;47.158302;-0.9621669
44778;2015;2015 _ 44779;42255;16:00:00-16:59:00;MA;Leger;0;0;0;0;1;1;23027;Capitale-Nationale(03);Quebec (23 );1160.0;;10E AVENUE EST;,Quebec,QC,Canada;10E AVENUE EST,Quebec,QC,Canada;;;;;;;N;50.0;33.0;;11.0;1.0;2.0;14.0;1.0;11.0;99.0;6.0;2.0;11.0;1;0;0;1160 10E AV E;0.0;0.0
44784;2015;2015 _ 44785;42256;09:00:00-09:59:00;ME;Leger;0;0;0;0;1;1;23072;Capitale-Nationale(03);Quebec (23 );;;FOSSAMBAULT;,Quebec,QC,Canada;FOSSAMBAULT,Quebec,QC,Canada;1.0;BRET AUT FELIX LECLERC E;367.0;;;;;90.0;33.0;;11.0;1.0;4.0;12.0;1.0;11.0;32.0;7.0;3.0;12.0;1;0;0;1 FOSSAMBAULT;46.7558399;-71.4735944
44803;2015;2015 _ 44804;42257;12:00:00-12:59:00;JE;Leger;0;0;0;0;1;1;23027;Capitale-Nationale(03);Quebec (23 );;;Charest Est;,Quebec,QC,Canada;Charest Est,Quebec,QC,Canada;1.0;MGR GAUVREAU;;;;;;90.0;33.0;;11.0;1.0;3.0;13.0;1.0;11.0;32.0;1.0;3.0;11.0;1;0;0;1 Charest Est;45.4709613;-73.6549225
44815;2015;2015 _ 44816;42257;17:00:00-17:59:00;JE;Leger;0;0;0;0;1;1;23027;Capitale-Nationale(03);Quebec (23 );;;CH Sainte-Foy;,Quebec,QC,Canada;CH Sainte-Foy,Quebec,QC,Canada;;AV DU SEMINAIRE;;;;;;50.0;33.0;;11.0;1.0;3.0;13.0;1.0;11.0;32.0;6.0;3.0;11.0;1;0;0;1 CH Sainte-Foy;46.7842873;-71.2870989
44839;2015;2015 _ 44840;42259;00:00:00-00:59:00;SA;Leger;0;0;0;0;1;1;23027;Capitale-Nationale(03);Quebec (23 );343.0;;ST-PAUL;,Quebec,QC,Canada;ST-PAUL,Quebec,QC,Canada;;;;;;;;50.0;33.0;;11.0;3.0;3.0;13.0;1.0;11.0;33.0;6.0;3.0;11.0;1;0;0;343 ST-PAUL;14.6218102;121.0163093
44869;2015;2015 _ 44870;42262;10:00:00-10:59:00;MA;Leger;0;0;0;0;1;1;23027;Capitale-Nationale(03);Quebec (23 );811.0;;Route Jean-Gauvin;,Quebec,QC,Canada;Route Jean-Gauvin,Quebec,QC,Canada;;;;;;;;;33.0;;11.0;1.0;3.0;21.0;1.0;11.0;40.0;5.0;9.0;11.0;1;0;0;811 Route Jean-Gauvin;46.7644307;-71.3689685
44892;2015;2015 _ 44893;42263;15:00:00-15:59:00;ME;Leger;0;0;0;0;1;1;23027;Capitale-Nationale(03);Quebec (23 );100.0;;QUAI SAINT-ANDRE;,Quebec,QC,Canada;QUAI SAINT-ANDRE,Quebec,QC,Canada;;;;;;;;30.0;33.0;;11.0;1.0;3.0;21.0;1.0;11.0;33.0;10.0;3.0;11.0;1;0;0;100 QUAI SAINT-ANDRE;46.8173213;-71.2054401
44894;2015;2015 _ 44895;42263;21:00:00-21:59:00;ME;Leger;0;0;0;0;1;1;23027;Capitale-Nationale(03);Quebec (23 );;;CH Saint-Louis;,Quebec,QC,Canada;CH Saint-Louis,Quebec,QC,Canada;1.0;D AUTEUIL;;;;;O;50.0;33.0;;11.0;3.0;3.0;13.0;1.0;11.0;32.0;6.0;3.0;11.0;1;0;0;1 CH Saint-Louis;46.756832;-71.2936464
44896;2015;2015 _ 44897;42264;08:00:00-08:59:00;JE;Leger;0;0;0;0;1;1;23027;Capitale-Nationale(03);Quebec (23 );;;BD DE L'ENTENTE;,Quebec,QC,Canada;BD DE L'ENTENTE,Quebec,QC,Canada;1.0;MAROIS;;;;;;50.0;33.0;;11.0;1.0;1.0;13.0;1.0;11.0;32.0;1.0;2.0;12.0;1;0;0;1 BD DE L'ENTENTE;-31.4329936;-64.2230659
44910;2015;2015 _ 44911;42264;21:00:00-21:59:00;JE;Leger;0;0;0;0;1;1;23027;Capitale-Nationale(03);Quebec (23 );;;CH Sainte-Foy;,Quebec,QC,Canada;CH Sainte-Foy,Quebec,QC,Canada;1.0;ISIDORE GARON;;;;;;50.0;33.0;;11.0;3.0;3.0;13.0;1.0;11.0;32.0;6.0;2.0;11.0;1;0;0;1 CH Sainte-Foy;46.7842873;-71.2870989
44919;2015;2015 _ 44920;42265;13:00:00-13:59:00;VE;Leger;0;0;0;0;1;1;23027;Capitale-Nationale(03);Quebec (23 );;;HOCHELAGA;,Quebec,QC,Canada;HOCHELAGA,Quebec,QC,Canada;1.0;ROBERT BOURASSA;;;;;N;50.0;33.0;;11.0;1.0;3.0;13.0;1.0;11.0;32.0;5.0;3.0;11.0;1;0;0;1 HOCHELAGA;45.5421326;-73.5476296
44931;2015;2015 _ 44932;42265;20:00:00-20:59:00;VE;Leger;0;0;0;0;1;1;23027;Capitale-Nationale(03);Quebec (23 );1100.0;;BD DES CHUTES;,Quebec,QC,Canada;BD DES CHUTES,Quebec,QC,Canada;;;;;;20.0;O;50.0;33.0;;11.0;3.0;3.0;19.0;1.0;11.0;33.0;5.0;2.0;12.0;1;0;0;1100 BD DES CHUTES;46.8695606;-71.1760848
44933;2015;2015 _ 44934;42266;11:00:00-11:59:00;SA;Leger;0;0;0;0;1;1;23027;Capitale-Nationale(03);Quebec (23 );;;CH Saint-Louis;,Quebec,QC,Canada;CH Saint-Louis,Quebec,QC,Canada;1.0;JEAN DE QUEN;;;;;O;50.0;33.0;;11.0;1.0;2.0;13.0;1.0;11.0;32.0;6.0;2.0;11.0;1;0;0;1 CH Saint-Louis;46.756832;-71.2936464
45026;2015;2015 _ 45027;42273;16:00:00-16:59:00;SA;Leger;0;0;0;0;1;1;23027;Capitale-Nationale(03);Quebec (23 );;;AV MOREAU;,Quebec,QC,Canada;AV MOREAU,Quebec,QC,Canada;1.0;CH Sainte-Foy;;;;;;50.0;33.0;;11.0;1.0;3.0;13.0;1.0;11.0;32.0;6.0;2.0;11.0;1;0;0;1 AV MOREAU;46.7841587;-71.2983118
45034;2015;2015 _ 45035;42274;12:00:00-12:59:00;DI;Leger;0;0;0;0;1;1;23027;Capitale-Nationale(03);Quebec (23 );;;DE LA NOUVELLE-FRANCE;,Quebec,QC,Canada;DE LA NOUVELLE-FRANCE,Quebec,QC,Canada;1.0;BD CHAMPLAIN;;;;;;50.0;33.0;;11.0;1.0;4.0;13.0;1.0;11.0;32.0;6.0;3.0;11.0;1;0;0;1 DE LA NOUVELLE-FRANCE;47.9119863;2.8922222
45102;2015;2015 _ 45103;42278;16:00:00-16:59:00;JE;Leger;0;0;0;0;1;1;23027;Capitale-Nationale(03);Quebec (23 );;;RACINE;,Quebec,QC,Canada;RACINE,Quebec,QC,Canada;1.0;HOPITAL;;;;;;50.0;33.0;;11.0;1.0;3.0;13.0;1.0;11.0;32.0;6.0;2.0;11.0;1;0;0;1 RACINE;38.1420461;-81.6603972
45112;2015;2015 _ 45113;42279;11:00:00-11:59:00;VE;Leger;0;0;0;0;1;1;23057;Capitale-Nationale(03);Quebec (23 );;;WILFRID-HAMEL;,Quebec,QC,Canada;WILFRID-HAMEL,Quebec,QC,Canada;1.0;JULES VERNE;;;;;;50.0;33.0;;11.0;1.0;3.0;12.0;1.0;11.0;32.0;6.0;3.0;11.0;1;0;0;1 WILFRID-HAMEL;46.8043123;-71.3277455
45148;2015;2015 _ 45149;42282;15:00:00-15:59:00;LU;Leger;0;0;0;0;1;1;23027;Capitale-Nationale(03);Quebec (23 );;;D'ASSISE;,Quebec,QC,Canada;D'ASSISE,Quebec,QC,Canada;1.0;GASPE;;;;;;50.0;33.0;;11.0;1.0;2.0;14.0;1.0;11.0;32.0;6.0;2.0;11.0;1;0;0;1 D'ASSISE;43.0711952;12.6146669
45157;2015;2015 _ 45158;42283;08:00:00-08:59:00;MA;Leger;0;0;0;0;1;1;23027;Capitale-Nationale(03);Quebec (23 );;;CH Sainte-Foy;,Quebec,QC,Canada;CH Sainte-Foy,Quebec,QC,Canada;1.0;Saint-Jean BOSCO;;;;;;50.0;33.0;;11.0;1.0;1.0;13.0;1.0;11.0;32.0;6.0;3.0;11.0;1;0;0;1 CH Sainte-Foy;46.7842873;-71.2870989
45182;2015;2015 _ 45183;42284;16:00:00-16:59:00;ME;Leger;0;0;0;0;1;1;23027;Capitale-Nationale(03);Quebec (23 );;;DU COLISEE;,Quebec,QC,Canada;DU COLISEE,Quebec,QC,Canada;;DES ORMES;;;;;;50.0;33.0;;11.0;1.0;2.0;14.0;1.0;11.0;32.0;6.0;2.0;11.0;1;0;0;1 DU COLISEE;47.5086818;6.8015621
45184;2015;2015 _ 45185;42284;18:00:00-18:59:00;ME;Leger;0;0;0;0;1;1;23027;Capitale-Nationale(03);Quebec (23 );;;BD CHAUDIERE;,Quebec,QC,Canada;BD CHAUDIERE,Quebec,QC,Canada;1.0;AV LE GENDRE;;;;;;50.0;33.0;;11.0;3.0;2.0;14.0;1.0;11.0;32.0;6.0;2.0;12.0;1;0;0;1 BD CHAUDIERE;44.6320884;5.2158667
45207;2015;2015 _ 45208;42286;11:00:00-11:59:00;VE;Grave;0;0;0;0;1;1;23027;Capitale-Nationale(03);Quebec (23 );;;LANGELIER;,Quebec,QC,Canada;LANGELIER,Quebec,QC,Canada;1.0;ST JOSEPH;;;;;E;50.0;33.0;;12.0;1.0;2.0;13.0;1.0;11.0;32.0;6.0;2.0;14.0;1;0;0;1 LANGELIER;45.5849114;-73.5495282
45247;2015;2015 _ 45248;42290;15:00:00-15:59:00;MA;Leger;0;0;0;0;1;1;23027;Capitale-Nationale(03);Quebec (23 );;;MONTREUIL;,Quebec,QC,Canada;MONTREUIL,Quebec,QC,Canada;1.0;WOLFE;;;;;;50.0;33.0;;11.0;1.0;2.0;14.0;1.0;11.0;32.0;;2.0;12.0;1;0;0;1 MONTREUIL;50.463745;1.7642283
45254;2015;2015 _ 45255;42290;18:00:00-18:59:00;MA;Grave;0;0;0;0;1;1;23027;Capitale-Nationale(03);Quebec (23 );;;BD HOCHELAGA;,Quebec,QC,Canada;BD HOCHELAGA,Quebec,QC,Canada;1.0;AV JEAN DE QUEN;;;;;;50.0;33.0;;12.0;3.0;3.0;13.0;1.0;11.0;32.0;6.0;3.0;14.0;1;0;0;1 BD HOCHELAGA;46.7712886;-71.2881457
45256;2015;2015 _ 45257;42291;03:00:00-03:59:00;ME;Leger;0;0;0;0;1;1;23027;Capitale-Nationale(03);Quebec (23 );;;4E AVENUE OUEST;,Quebec,QC,Canada;4E AVENUE OUEST,Quebec,QC,Canada;1.0;ATRIUM;;;;;;;33.0;;12.0;3.0;3.0;13.0;;11.0;32.0;;3.0;14.0;1;0;0;1 4E AVENUE OUEST;0.0;0.0
45293;2015;2015 _ 45294;42293;15:00:00-15:59:00;VE;Grave;0;0;0;0;1;1;23027;Capitale-Nationale(03);Quebec (23 );;;BD HENRI BOURASSA;,Quebec,QC,Canada;BD HENRI BOURASSA,Quebec,QC,Canada;1.0;DU ZOO;;;;;;50.0;33.0;;11.0;1.0;3.0;13.0;1.0;13.0;32.0;6.0;3.0;11.0;1;0;0;1 BD HENRI BOURASSA;45.6207876;-73.588462
45309;2015;2015 _ 45310;42294;14:00:00-14:59:00;SA;Leger;0;0;0;0;1;1;23027;Capitale-Nationale(03);Quebec (23 );;;HOCHELAGA;,Quebec,QC,Canada;HOCHELAGA,Quebec,QC,Canada;1.0;ROBERT BOURASSA;;;;50.0;O;50.0;33.0;;11.0;1.0;3.0;14.0;1.0;11.0;33.0;9.0;3.0;11.0;1;0;0;1 HOCHELAGA;45.5421326;-73.5476296
45400;2015;2015 _ 45401;42301;12:00:00-12:59:00;SA;Leger;0;0;0;0;1;1;23027;Capitale-Nationale(03);Quebec (23 );371.0;;Saint-Jean;,Quebec,QC,Canada;Saint-Jean,Quebec,QC,Canada;;;;;;;;50.0;33.0;;11.0;1.0;3.0;13.0;1.0;11.0;34.0;7.0;1.0;11.0;1;0;0;371 Saint-Jean;0.0;0.0
45421;2015;2015 _ 45422;42303;07:00:00-07:59:00;LU;Leger;0;0;0;0;1;1;23027;Capitale-Nationale(03);Quebec (23 );6655.0;;BD PIERRE BERTRAND;,Quebec,QC,Canada;BD PIERRE BERTRAND,Quebec,QC,Canada;;;;;;;S;50.0;33.0;;11.0;1.0;3.0;13.0;1.0;11.0;34.0;6.0;2.0;11.0;1;0;0;6655 PIERRE BERTRAND;0.0;0.0
45448;2015;2015 _ 45449;42305;07:00:00-07:59:00;ME;Leger;0;0;0;0;1;1;23027;Capitale-Nationale(03);Quebec (23 );;;DU VERSANT NORD;,Quebec,QC,Canada;DU VERSANT NORD,Quebec,QC,Canada;1.0;HENRI IV;;;;;E;50.0;33.0;;11.0;1.0;3.0;13.0;1.0;11.0;34.0;6.0;3.0;11.0;1;0;0;1 VERSANT N;0.0;0.0
45481;2015;2015 _ 45482;42306;14:00:00-14:59:00;JE;Leger;0;0;0;0;1;1;23027;Capitale-Nationale(03);Quebec (23 );;;BD WILFRID-HAMEL;,Quebec,QC,Canada;BD WILFRID-HAMEL,Quebec,QC,Canada;1.0;SOUMANDE;;;;;;50.0;41.0;;12.0;1.0;3.0;13.0;1.0;11.0;32.0;6.0;5.0;14.0;1;0;0;1 BD WILFRID-HAMEL;0.0;0.0
45502;2015;2015 _ 45503;42307;15:00:00-15:59:00;VE;Leger;0;0;0;0;1;1;23027;Capitale-Nationale(03);Quebec (23 );;;Grande ALLEE OUEST;,Quebec,QC,Canada;Grande ALLEE OUEST,Quebec,QC,Canada;1.0;AV DU RAVIN;;;;;E;50.0;33.0;;11.0;1.0;2.0;13.0;1.0;13.0;32.0;6.0;3.0;11.0;1;0;0;1 Grande ALLEE OUEST;0.0;0.0
45588;2015;2015 _ 45589;42313;15:00:00-15:59:00;JE;Leger;0;0;0;0;1;1;23027;Capitale-Nationale(03);Quebec (23 );;;JACQUES-BEDARD;,Quebec,QC,Canada;JACQUES-BEDARD,Quebec,QC,Canada;1.0;BEAUSEJOUR;;;;;;50.0;33.0;;11.0;1.0;2.0;14.0;1.0;11.0;32.0;6.0;2.0;11.0;1;0;0;1 JACQUES-BEDARD;0.0;0.0
45611;2015;2015 _ 45612;42314;19:00:00-19:59:00;VE;Leger;0;0;0;0;1;1;23027;Capitale-Nationale(03);Quebec (23 );;;RENE LEVESQUE OUEST;,Quebec,QC,Canada;RENE LEVESQUE OUEST,Quebec,QC,Canada;;HOLLAND;;;;;;50.0;33.0;;12.0;3.0;2.0;13.0;1.0;11.0;32.0;6.0;3.0;12.0;1;0;0;1 RENE LEVESQUE;0.0;0.0
45657;2015;2015 _ 45658;42318;08:00:00-08:59:00;MA;Leger;0;0;0;0;1;1;23027;Capitale-Nationale(03);Quebec (23 );325.0;;18E RUE;,Quebec,QC,Canada;18E RUE,Quebec,QC,Canada;;;;;;;E;50.0;33.0;;11.0;1.0;2.0;13.0;1.0;11.0;34.0;6.0;3.0;11.0;1;0;0;325 18E RUE;0.0;0.0
45676;2015;2015 _ 45677;42257;08:00:00-08:59:00;JE;Leger;0;0;0;0;1;1;23027;Capitale-Nationale(03);Quebec (23 );;;DES QUATRE BOURGEOIS;,Quebec,QC,Canada;DES QUATRE BOURGEOIS,Quebec,QC,Canada;1.0;WOLFE;;;;;;50.0;33.0;;11.0;1.0;3.0;13.0;1.0;11.0;32.0;6.0;3.0;11.0;1;0;0;1 DES QUATRE BOURGEOIS;0.0;0.0
45680;2015;2015 _ 45681;42319;18:00:00-18:59:00;ME;Leger;0;0;0;0;1;1;23027;Capitale-Nationale(03);Quebec (23 );;;CH Sainte-Foy;,Quebec,QC,Canada;CH Sainte-Foy,Quebec,QC,Canada;1.0;MYRAND;;;;;;50.0;33.0;;11.0;3.0;3.0;13.0;;11.0;32.0;;3.0;11.0;1;0;0;1 CH Sainte-Foy;0.0;0.0
45681;2015;2015 _ 45682;42319;19:00:00-19:59:00;ME;Leger;0;0;0;0;1;1;23027;Capitale-Nationale(03);Quebec (23 );2525.0;;CH DE LA CANARDIERE;,Quebec,QC,Canada;CH DE LA CANARDIERE,Quebec,QC,Canada;2.0;FACE;;;;;;50.0;33.0;;11.0;3.0;3.0;13.0;1.0;11.0;34.0;7.0;2.0;12.0;1;0;0;2525 CANARDIERE DE LA CH;0.0;0.0
45683;2015;2015 _ 45684;42319;21:00:00-21:59:00;ME;Grave;0;0;0;0;1;1;23027;Capitale-Nationale(03);Quebec (23 );;;CH Sainte-Foy;,Quebec,QC,Canada;CH Sainte-Foy,Quebec,QC,Canada;1.0;ISIDORE GARON;;;;;;50.0;33.0;;11.0;3.0;2.0;13.0;1.0;14.0;32.0;6.0;2.0;12.0;1;0;0;1 CH Sainte-Foy;0.0;0.0
45742;2015;2015 _ 45743;42324;11:00:00-11:59:00;LU;Leger;0;0;0;0;1;1;23027;Capitale-Nationale(03);Quebec (23 );835.0;;BAILLARGE;,Quebec,QC,Canada;BAILLARGE,Quebec,QC,Canada;;;;;;;;50.0;33.0;;11.0;1.0;1.0;13.0;1.0;13.0;34.0;6.0;2.0;12.0;1;0;0;835 BAILLARGE;0.0;0.0
45750;2015;2015 _ 45751;42325;08:00:00-08:59:00;MA;Leger;0;0;0;0;1;1;23027;Capitale-Nationale(03);Quebec (23 );;;18E RUE;,Quebec,QC,Canada;18E RUE,Quebec,QC,Canada;1.0;4E AV;;;;;;50.0;33.0;;11.0;1.0;2.0;13.0;1.0;11.0;32.0;6.0;3.0;11.0;1;0;0;1 18E RUE;0.0;0.0
45782;2015;2015 _ 45783;42327;16:00:00-16:59:00;JE;Leger;0;0;0;0;1;1;23027;Capitale-Nationale(03);Quebec (23 );1963.0;;FRANK-CARREL;,Quebec,QC,Canada;FRANK-CARREL,Quebec,QC,Canada;2.0;FACE AU PLANET X;;;;;;50.0;33.0;;12.0;3.0;3.0;13.0;1.0;11.0;34.0;6.0;2.0;14.0;1;0;0;1963 FRANK-CARREL;0.0;0.0
45792;2015;2015 _ 45793;42326;08:00:00-08:59:00;ME;Leger;0;0;0;0;1;1;23027;Capitale-Nationale(03);Quebec (23 );;;MONSEIGNEUR-GAUTHIER;,Quebec,QC,Canada;MONSEIGNEUR-GAUTHIER,Quebec,QC,Canada;1.0;EUGENE COTE;;;;;O;50.0;33.0;;11.0;1.0;2.0;13.0;1.0;11.0;32.0;6.0;3.0;11.0;1;0;0;1 MONSEIGNEUR GAUTHIER;0.0;0.0
45794;2015;2015 _ 45795;42328;13:00:00-13:59:00;VE;Leger;0;0;0;0;1;1;23027;Capitale-Nationale(03);Quebec (23 );;;76E RUE Est;,Quebec,QC,Canada;76E RUE Est,Quebec,QC,Canada;1.0;1ere avenue;;;;;;50.0;33.0;;11.0;1.0;2.0;13.0;1.0;12.0;32.0;6.0;3.0;11.0;1;0;0;1 76E RUE E;0.0;0.0
45861;2015;2015 _ 45862;42333;17:00:00-17:59:00;ME;Leger;0;0;0;0;1;1;23027;Capitale-Nationale(03);Quebec (23 );;;CHANOINE-MARTIN;,Quebec,QC,Canada;CHANOINE-MARTIN,Quebec,QC,Canada;1.0;CH Sainte-Foy;;;;;N;50.0;33.0;;11.0;3.0;2.0;14.0;1.0;11.0;32.0;6.0;2.0;11.0;1;0;0;1 CHANOINE MARTIN;0.0;0.0
45991;2015;2015 _ 45992;42340;16:00:00-16:59:00;ME;Leger;0;0;0;0;1;1;23027;Capitale-Nationale(03);Quebec (23 );11.0;;COTE DU PALAIS;,Quebec,QC,Canada;COTE DU PALAIS,Quebec,QC,Canada;;;;;;;;50.0;33.0;;12.0;2.0;3.0;13.0;1.0;13.0;32.0;6.0;9.0;12.0;1;0;0;11 CT DU PALAIS;0.0;0.0
46151;2015;2015 _ 46152;42351;11:00:00-11:59:00;DI;Leger;0;0;0;0;1;1;23027;Capitale-Nationale(03);Quebec (23 );;;IMPASSE DES CAGEUX;,Quebec,QC,Canada;IMPASSE DES CAGEUX,Quebec,QC,Canada;2.0;CHAMPLAIN;;;;200.0;E;50.0;33.0;;11.0;1.0;3.0;14.0;1.0;24.0;99.0;3.0;2.0;11.0;1;0;0;1 IMPASSE DES CAGEUX;0.0;0.0
;;;;;;;;;;;;;;;;;;;;;;;;;;;;;;;;;;;;;;;;;;;;;73;